video,label,elbow_mean_idle,straight_ratio_idle,tripod_ratio,com_over_base_ratio,wall_dist_idle,wall_dist_move,wall_push_ratio,jerk_move,leg_drive_ratio,_n_frames,_n_moves,_idle_frames
E00.mp4,expert,122.2196642517551,0.3288912579957356,0.1224229155263638,0.4896916621054552,0.04061552950136197,0.04681024895355239,1.1525206738170422,0.3876010919707671,0.508819124631269,5481,48,3752
E01.mp4,expert,133.22172774342786,0.34417344173441733,0.26222222222222225,0.7533333333333333,0.12974502824953418,0.1669515855614998,1.2867666294907367,1.1783062083873397,0.43855270397559726,450,3,369
E02.mp4,expert,109.22501491123906,0.10887096774193548,0.5457317073170732,0.6554878048780488,0.032344212447008996,0.03318150026765371,1.0258864723681782,0.11579353391520508,0.6856090865749034,328,5,248
E03.mp4,expert,133.14398708037677,0.37037037037037035,0.1568627450980392,0.0,0.12799218983743216,0.11401797331621916,0.8908197019899479,0.06696063810967195,0.2937967277387443,357,4,270
E04.mp4,expert,127.9886406367581,0.4212962962962963,0.0,0.0,0.08879394168702906,0.0827605283281197,0.9320514151664824,0.007832215089078288,0.5326660278235544,310,3,216
E05.mp4,expert,117.76136958869712,0.22448979591836735,0.0,0.2980769230769231,0.09144986658508253,0.08365653270989781,0.9147801597311727,0.2681914678064991,0.12840130575931594,624,2,588
E06.mp4,expert,149.10832967528003,0.6473429951690821,0.41397849462365593,0.46774193548387094,0.17048371682713354,0.17209616585918996,1.009458023132562,0.006274638362713394,0.5744522407813858,372,6,207
E07.mp4,expert,141.25045924976126,0.5610278372591007,0.03339882121807466,0.9666011787819253,0.19195521255733775,0.18429204497674773,0.9600783063961649,0.19363081444323565,0.6129473870708562,509,3,467
E08.mp4,expert,156.59798668251972,0.7398373983739838,0.04106776180698152,0.4209445585215606,0.14403870828814472,0.19913701022937688,1.38252417541657,0.014603619640657088,0.5089019038152055,487,2,369
E09.mp4,expert,147.79146630693293,0.6535947712418301,0.1305753070458953,0.40077569489334197,0.05848486625079705,0.035419946385094145,0.6056257387500487,0.2579104546313926,0.522414326579254,1547,13,1224
E10.mp4,expert,132.61507202652973,0.3832258064516129,0.18596491228070175,0.3824561403508772,0.12446240910328128,0.1745777944244089,1.4026546782731335,0.4353961220924667,0.3448349050655119,855,4,775
E11.mp4,expert,117.62404199551105,0.18085106382978725,0.014652014652014652,0.706959706959707,0.16734629311717347,0.08399549520539586,0.5019262071572829,0.02037358819655438,0.4928020496104099,546,2,470
E12.mp4,expert,158.53505881838967,0.7852112676056338,0.012254901960784314,0.4338235294117647,0.06745390084557655,0.0523228115884878,0.775682401992545,0.5335861329445133,0.2077390744793014,408,7,284
E13.mp4,expert,141.9074627088067,0.5513307984790875,0.0,0.0,0.06370053049524484,0.08827866035241995,1.3858384821555767,1.5115029762370795,0.13631953853884776,336,1,263
E14.mp4,expert,136.23348732875863,0.41605839416058393,0.4460580912863071,0.7302904564315352,0.12847206320474602,0.06525419811169059,0.5079251582380471,0.28389484287388683,0.13404179498799257,482,2,274
E15.mp4,expert,114.35639738221751,0.19290465631929046,0.3075601374570447,0.3333333333333333,0.14336667178936863,0.13910866586729975,0.9702998223232602,0.06483405062819206,0.5810874857103417,582,5,451
E16.mp4,expert,140.57840913918392,0.4631578947368421,0.36853002070393376,0.7122153209109731,0.10174656077525289,0.040551778471597924,0.39855670970152296,0.09217233831923147,0.2332290656684177,483,4,380
E17.mp4,expert,153.83103282425716,0.7372013651877133,0.0,0.05167173252279635,0.17611317020760747,0.1849630297962271,1.0502509214709947,0.05945723559573404,0.35307615262670144,329,2,293
E18.mp4,expert,128.94275653053577,0.25333333333333335,0.45454545454545453,0.7818181818181819,0.08944400473534077,0.1348819620673147,1.5080043361919966,0.008400267400277805,0.408476700734948,330,4,225
E19.mp4,expert,133.9424767795662,0.4081272084805654,0.08978328173374613,0.6780185758513931,0.12667065393179464,0.11837439402659948,0.9345051991701706,0.11074447639304397,0.26160661812930536,646,5,566
E20.mp4,expert,144.8932596690348,0.4765625,0.04789272030651341,0.60727969348659,0.13192304119415152,0.11394191067369579,0.8636997828833353,0.20298987878614444,0.21182502704481412,522,3,384
E21.mp4,expert,159.98514134069495,0.7754237288135594,0.02680965147453083,0.09651474530831099,0.14724706925812697,0.1230112846957144,0.835407298504531,0.2016074808187534,0.6589601029642154,373,4,236
E22.mp4,expert,151.53264343001692,0.6886075949367089,0.5086505190311419,0.7768166089965398,0.12960645324709244,0.10587397939531794,0.8168881145492803,0.011113859096517468,0.352847140524044,578,10,395
E23.mp4,expert,148.45640276967956,0.5454545454545454,0.0,0.0,0.10109067654284977,0.21121884339488864,2.089399633321892,0.0588211789756701,0.2526446462351862,444,2,275
E24.mp4,expert,121.63112306915744,0.20434782608695654,0.1514360313315927,0.4164490861618799,0.12237226981644221,0.12285217819668072,1.0039216265395918,0.004876850989819577,0.5274710782684198,766,8,460
E25.mp4,expert,110.69802872994869,0.16417910447761194,0.40634441087613293,0.716012084592145,0.13662117019224326,0.09052082839296904,0.662568045932518,0.015877810878406794,0.6577495365583972,662,3,536
E26.mp4,expert,151.27230806674348,0.634703196347032,0.0,0.5328947368421053,0.044189566519760824,0.05965419620577831,1.3499608030663515,0.020255040168102048,0.8241914916280775,304,5,219
E27.mp4,expert,164.79070731038914,0.8672086720867209,0.1837160751565762,0.5427974947807933,0.07113807000116236,0.19250262612742142,2.7060419134769456,0.07549085527680864,0.7315132523759308,479,3,369
E28.mp4,expert,133.528378442552,0.3917525773195876,0.04672897196261682,0.12149532710280374,0.09908306363036129,0.08355038919719326,0.8432357428564019,0.010771786779918404,0.5144451122335412,428,5,291
E29.mp4,expert,140.32512302686163,0.41935483870967744,0.3801369863013699,0.8184931506849316,0.07660494918672167,0.0944528487079115,1.2329860848523695,0.014342420837386927,0.6413203678578884,584,5,434
E30.mp4,expert,161.5257184389326,0.8548672566371681,0.029831387808041506,0.5888456549935149,0.07976093636449445,0.12956885507558435,1.6244648663454408,0.021615870391591917,0.6163331467343808,771,4,565
E31.mp4,expert,138.7473002695199,0.2226027397260274,0.12424242424242424,0.296969696969697,0.15021925575922293,0.14870482409310887,0.9899184591373156,0.1256259194273089,0.24360067019831058,330,3,292
E32.mp4,expert,62.020258980650105,0.0,0.0,0.006622516556291391,0.04739913192170382,0.030013232430211506,0.6332020204034242,1.739180073068323,0.17679729704710737,302,2,238
E33.mp4,expert,146.92930693418154,0.5317460317460317,0.3276661514683153,0.5780525502318392,0.10092744445662223,0.13252595674349388,1.3130813360645337,0.08939376946481482,0.42190748302409964,647,8,504
E34.mp4,expert,110.80349404559152,0.39473684210526316,0.195,0.485,0.03921488385147123,0.041785535685306935,1.0655526913721138,0.8507156147502746,0.8763176807892914,200,3,114
E35.mp4,expert,149.29407611003217,0.6625916870415648,0.1762208067940552,0.802547770700637,0.15035101104623205,0.061791766597816176,0.4109833519442184,1.1050296553594015,0.3900818490837365,471,4,409
E36.mp4,expert,127.48010036472051,0.2367601246105919,0.43037974683544306,0.43544303797468353,0.11165971232543909,0.12199953360511401,1.092601083580872,0.04658416038064012,0.24410163349695446,395,4,321
E37.mp4,expert,107.6886863286154,0.22377622377622378,0.4012158054711246,0.8936170212765957,0.04788694679830991,0.05167367398366701,1.0790761710188848,0.19290355621283964,0.39285356346917144,329,1,286
E38.mp4,expert,150.28612398485757,0.4367816091954023,0.0,0.19318181818181818,0.04105676513419246,0.04821787039234597,1.1744193311517466,0.016382770622841356,0.22285719167671844,440,7,261
E39.mp4,expert,116.53854384696018,0.3005464480874317,0.10480349344978165,0.37554585152838427,0.026950970420487986,0.04742473455221228,1.7596663947765052,0.6861128625337877,0.5551913782041685,229,2,183
E40.mp4,expert,145.0530732802947,0.6113602391629297,0.15558343789209536,0.6135508155583438,0.15238937252649906,0.12943159415692362,0.8493478483280599,0.021830906224044905,0.5945581391558583,797,6,669
E41.mp4,expert,151.80354509465474,0.6928571428571428,0.0599250936329588,0.27715355805243447,0.07474782262237249,0.031563596328880006,0.4222677129427941,0.6303847701809691,0.37023585055998415,267,1,140
E42.mp4,expert,125.65497742285093,0.2032258064516129,0.0020325203252032522,0.3130081300813008,0.1413210914150315,0.14525959404482414,1.0278691051113882,0.020789743648046487,0.5663690239405121,492,4,310
E43.mp4,expert,104.72962852111733,0.16101694915254236,0.0,0.0,0.02822953103869658,0.04229757781371355,1.4983445092406122,0.008929615777981788,0.12411644461313276,325,3,236
E44.mp4,expert,146.13449906564608,0.5722222222222222,0.23310810810810811,0.5929054054054054,0.15786215385536917,0.12998829476265134,0.8234290699432232,0.010253578801139626,0.5335917652577294,592,6,360
E45.mp4,expert,119.68811517385038,0.13333333333333333,0.0,0.20334261838440112,0.0717860081432547,0.18408727465689356,2.564388991314894,0.02175346001546988,0.33449018878361114,359,2,270
E46.mp4,expert,123.22980868130408,0.2664756446991404,0.39544513457556935,0.6583850931677019,0.12891297925145498,0.15517180689662752,1.2036941180066243,0.008550422215048982,0.4397445091925996,483,6,349
E47.mp4,expert,140.1193901469591,0.5980392156862745,0.11954022988505747,0.8896551724137931,0.20717431136705458,0.0723860067290797,0.3493966156202924,0.3098149073376624,0.766862879008845,435,1,408
E48.mp4,expert,117.23600487737058,0.3065326633165829,0.6629526462395543,0.6991643454038997,0.14339744928869344,0.17926226505346465,1.250107679331799,0.023464933256386683,0.4824742115342465,359,3,199
E49.mp4,expert,113.491402016756,0.21,0.08609271523178808,0.6357615894039735,0.0710833596600395,0.058564625087238725,0.8238864500561465,0.026090478518947687,0.5636785130111616,453,2,400
E50.mp4,expert,117.34438923026147,0.4218455743879473,0.02945736434108527,0.49612403100775193,0.06173994157663198,0.02193823269907323,0.35533284589385156,1.3061322794137977,0.10833934398609363,645,3,531
E51.mp4,expert,115.75608371253364,0.10355987055016182,0.27442827442827444,0.46153846153846156,0.10258359131608281,0.098266353500959,0.957914834732489,0.027332804265419963,0.5543284657390245,481,6,309
E52.mp4,expert,133.2802513021052,0.33791208791208793,0.008680555555555556,0.06597222222222222,0.12766794471778753,0.08625766395007202,0.6756406816475304,0.07134261336025664,0.8015559493241208,576,2,364
E53.mp4,expert,123.3556233481577,0.013468013468013467,0.4427860696517413,0.8308457711442786,0.09971478533092373,0.11972984346878689,1.200722952611387,0.015285004825102928,0.49336163684491363,402,3,297
E54.mp4,expert,148.07863273079184,0.6782006920415224,0.1276595744680851,0.32540675844806005,0.08588588739509272,0.07708094316239748,0.8974807913784654,0.012754830926261106,0.5644412438560761,799,8,578
E55.mp4,expert,133.36795783575792,0.42093023255813955,0.463519313304721,0.6351931330472103,0.1293990537379245,0.14707126064733447,1.1365712888402497,0.016129605992253878,0.36617319451310454,699,9,430
E56.mp4,expert,134.96835193926796,0.34385964912280703,0.0,0.40977443609022557,0.18747652108743684,0.1043008467040978,0.5563408182299528,0.008185992855130483,0.47847033940593237,532,7,285
E57.mp4,expert,106.11515264497791,0.0,0.6463104325699746,1.0,0.1407760140997232,0.18367316668316297,1.3047190944464535,0.04097601415771352,0.24265493609355424,393,2,300
E58.mp4,expert,100.81207668813806,0.013605442176870748,0.06378132118451026,0.4988610478359909,0.06751363743254007,0.05101941600368695,0.7556904114040909,0.13955596629674086,0.6355165460966822,439,2,294
E59.mp4,expert,141.98259880671117,0.5478723404255319,0.2433234421364985,0.8902077151335311,0.05712120514594719,0.05028654640693372,0.880347980666192,0.007349721414520977,0.4974798046134562,337,5,188
E60.mp4,expert,144.148495626987,0.5464285714285714,0.0,0.0,0.03380514691905795,0.038824834746750636,1.1484885232070259,0.6755111087242404,0.6502422598592398,339,2,280
E61.mp4,expert,149.115561777813,0.5083798882681564,0.21450151057401812,0.23867069486404835,0.06598164658892275,0.05601275833995024,0.8489140957602734,0.019230026671840466,0.4912213643003394,331,4,179
E62.mp4,expert,134.55747883775757,0.41134751773049644,0.12465373961218837,0.3490304709141274,0.13375499737366603,0.09110561642930189,0.6811379866682954,0.11796864547166021,0.42137199379064105,361,2,282
E63.mp4,expert,153.84660184393334,0.675392670157068,0.04807692307692308,0.5576923076923077,0.1580687996855889,0.22528586108953283,1.42523918246518,0.0451365647487014,0.5630864630101798,312,3,191
E64.mp4,expert,149.70703519258464,0.5570175438596491,0.2298507462686567,0.564179104477612,0.14917144017369194,0.08774863493216423,0.5882401413272557,0.18467216926645383,0.6487894789054468,335,1,228
E65.mp4,expert,151.69720318207575,0.6767241379310345,0.3803827751196172,0.8397129186602871,0.1456517048366814,0.1448790651401042,0.9946952241692206,0.011689158078756232,0.38774377193323833,418,8,232
E66.mp4,expert,117.05367602913492,0.24556962025316456,0.18886679920477137,0.2584493041749503,0.1436037887788977,0.10779928166119007,0.7506715182873768,0.009210505205719229,0.57478215593748,503,7,395
E67.mp4,expert,150.67173971959332,0.6254681647940075,0.05365853658536585,0.7341463414634146,0.12397455651091498,0.1513555740316972,1.220859877081091,0.009243731902277159,0.6005589659175382,410,5,267
E68.mp4,expert,147.45789546093872,0.6944444444444444,0.10795454545454546,0.4659090909090909,0.12305915628628314,0.10142785775621249,0.8242202577600123,0.011312589206304444,0.668687159548737,352,3,180
E69.mp4,expert,115.16889380551667,0.029850746268656716,0.42724458204334365,0.9969040247678018,0.1418986351561212,0.0519911423063149,0.3663963263998234,0.1361884766265196,0.29322044167222355,323,1,268
E70.mp4,expert,143.45454032230694,0.4781659388646288,0.0,0.12429378531073447,0.13101666035325973,0.14768903845070583,1.127253791845667,0.26592993332987136,0.3373604378962679,708,6,458
E71.mp4,expert,108.4870138077584,0.17293233082706766,0.4629878869448183,0.6083445491251682,0.1276060214166735,0.1391870860022037,1.0907563259899091,0.005232848299376084,0.5533143491540026,743,7,532
E72.mp4,expert,134.10552394473208,0.3626760563380282,0.334020618556701,0.931958762886598,0.07217217197828917,0.06851039985289596,0.9492632476250373,0.006019661928345893,0.2311120447138573,485,6,284
E73.mp4,expert,130.9468766872587,0.3893333333333333,0.33085896076352067,0.6373276776246023,0.13355316721823313,0.11713020964673404,0.8770304989100853,0.43083231990016674,0.36631338297582106,943,11,750
E74.mp4,expert,143.98225851604025,0.527363184079602,0.0,0.016666666666666666,0.15597556043738484,0.12062009755325225,0.7733268563468677,0.06351072385145773,0.6711631509604039,360,5,201
E75.mp4,expert,111.93214424433384,0.13333333333333333,0.0061162079510703364,0.5107033639143731,0.07026225561233941,0.047354748556207485,0.673971272396475,0.13173423681159624,0.4117803772611041,327,2,255
E76.mp4,expert,106.72967097913835,0.18095238095238095,0.0,0.310126582278481,0.0895529968795024,0.04564951873060167,0.5097485871359424,0.3363685653796481,0.279822150204802,474,2,420
E77.mp4,expert,141.819062810522,0.4292237442922374,0.09296482412060302,0.8165829145728644,0.1238230142721389,0.10243070933140491,0.8272347564882776,0.006965935728354422,0.39537490085128685,398,6,219
E78.mp4,expert,146.7671644963962,0.41379310344827586,0.0,0.0,0.11567534452864556,0.10963821028367154,0.9478095894361059,0.15225147797315192,0.5944283336185372,313,5,203
E79.mp4,expert,135.98425363053997,0.41033138401559455,0.09909228441754916,0.5544629349470499,0.1631097622884364,0.1097794979739074,0.673040593667055,0.025104056738470843,0.40676567802586905,1322,8,1026
E80.mp4,expert,126.99224497074682,0.2924731182795699,0.2581818181818182,0.4618181818181818,0.21487566073856887,0.11971384466023106,0.5571307549558852,0.02789768162080181,0.8064655230638781,550,4,465
E81.mp4,expert,137.7623485409594,0.48148148148148145,0.0,0.09090909090909091,0.04088127823336154,0.05870803410328786,1.436061255412657,0.13038321917440407,0.5038277904523317,275,3,162
E82.mp4,expert,121.35748711580149,0.1388888888888889,0.16770186335403728,0.8322981366459627,0.18304169440472998,0.11745423764886058,0.641680200863697,0.017717696863800987,0.520551952964238,322,2,252
E83.mp4,expert,157.33468042807272,0.8621621621621621,0.0,0.0,0.1379014704079079,0.12799583722483043,0.9281686958415755,0.05052046433654367,0.72460621061121,582,3,370
E84.mp4,expert,145.0454415465578,0.5448275862068965,0.0,0.0,0.061097395226868634,0.0811904198195364,1.3288685422573643,0.9941344290153042,0.03231200422254155,175,2,145
E85.mp4,expert,156.0655502943407,0.7181467181467182,0.002898550724637681,0.5855072463768116,0.09125948283569499,0.0901132080503003,0.9874392816596246,0.12690719616061102,0.7381528867291623,345,1,259
E86.mp4,expert,137.26158342511775,0.47513812154696133,0.22442244224422442,0.6831683168316832,0.1601266624946234,0.09470962700949719,0.5914669026340834,0.010734001190888508,0.5501288108506915,606,6,362
E87.mp4,expert,139.48107573525172,0.4115755627009646,0.5329512893982808,0.7335243553008596,0.14498838075072218,0.11884284337668777,0.8196714423916442,0.13132642250619367,0.7468088407886826,349,1,311
E88.mp4,expert,141.61395773812941,0.5497553017944535,0.18377693282636248,0.8770595690747782,0.18638538898083293,0.14795898196292503,0.7938335447517566,0.01664765214408553,0.6168497459942264,789,6,613
E89.mp4,expert,126.1967655313906,0.2917046490428441,0.24229979466119098,0.594798083504449,0.12356521748618436,0.1111731598699286,0.8997123392368512,0.006332092929443017,0.4955925804108327,1461,17,1097
E90.mp4,expert,88.55554919696884,0.14634146341463414,0.32873563218390806,0.832183908045977,0.11590104020511019,0.17833333962994818,1.5386688844868233,0.005636592922639714,0.4635453364748977,435,5,287
E91.mp4,expert,136.9350826716253,0.3888888888888889,0.255079006772009,0.8939051918735892,0.07166904131896118,0.08520473115189851,1.1888636668664296,0.02063986031046076,0.29768558719843197,443,1,396
E92.mp4,expert,145.18370758624775,0.4307116104868914,0.00303951367781155,0.0,0.07076561991581742,0.04613845804096937,0.6519896466103041,1.7564460032603861,0.251634271300486,329,3,267
E93.mp4,expert,147.62115371381591,0.42733188720173537,0.36923076923076925,0.9019230769230769,0.10923496102629138,0.06392798149969532,0.585233656392958,0.021511318129313513,0.5003284812194729,520,3,461
E94.mp4,expert,115.42271661603604,0.16498316498316498,0.6129032258064516,0.7923387096774194,0.124520344741019,0.04836649035284561,0.3884223623795453,0.040655126763321094,0.4512070011522441,496,4,297
E95.mp4,expert,148.74463132780045,0.5238095238095238,0.0,0.034782608695652174,0.11521194666514847,0.16987619357810985,1.4744667002908152,0.028908459114532603,0.7773585847938014,345,3,231
E96.mp4,expert,139.93971306247232,0.39054726368159204,0.03483606557377049,0.8094262295081968,0.1440209622350646,0.07045787682442642,0.4892195610888407,0.18329606146496993,0.6522019827125111,488,3,402
E97.mp4,expert,140.05177822918282,0.529126213592233,0.6464435146443515,0.6715481171548117,0.045930472325466085,0.022657203940110535,0.493293403268885,0.4573637100602632,0.7277777003417578,956,8,618
E98.mp4,expert,125.39242804110191,0.23829787234042554,0.0,0.026143790849673203,0.10838934314683374,0.09200866698132644,0.8488718154511303,0.10350996095647849,0.004739443993774856,306,2,235
E99.mp4,expert,127.0601030714835,0.34496644295302015,0.36326291079812206,0.7206572769953051,0.08418209699125377,0.05996767581976346,0.7123565560790002,0.10885232962648861,0.4658427552165055,1704,6,1490
N00.mp4,non_expert,123.70329143451102,0.34798534798534797,0.01386748844375963,0.3659476117103236,0.11880935637031038,0.1090156873807172,0.9175681237195744,0.1517117452457445,0.6006761716677109,1298,5,1092
N01.mp4,non_expert,137.70114244122354,0.2974683544303797,0.03784570596797671,0.4483260553129549,0.1001602858682892,0.07950505108297908,0.7937781173043681,0.18645230893542464,0.36768712656972974,687,9,474
N02.mp4,non_expert,119.8211259162017,0.19432773109243698,0.0,0.25328330206378985,0.28894035372659355,0.2117661042166654,0.7329059238571687,0.44440429934202347,0.08973386898827004,1066,2,952
N03.mp4,non_expert,130.72453833859564,0.3260038240917782,0.08091123330714847,0.3040062843676355,0.09505146418182808,0.09000784365868097,0.9469379032091715,0.6786710728786627,0.5253886052825937,1273,9,1046
N04.mp4,non_expert,84.12720030738963,0.02044790652385589,0.16761363636363635,0.7549715909090909,0.095423775723233,0.12402506129458943,1.2997289968594572,0.0021691469887670204,0.5469081570987063,1408,16,1027
N05.mp4,non_expert,99.581148240502,0.12012987012987013,0.2752808988764045,0.273876404494382,0.09881788372114007,0.11753611647487748,1.1894213896782646,0.08149426441197556,0.22608183417532443,712,3,616
N06.mp4,non_expert,125.31174867516228,0.34668508287292815,0.11232604373757456,0.25944333996023855,0.1252003128877815,0.135442441167898,1.0818058455751478,0.027210933685490754,0.6535019403208666,1006,6,724
N07.mp4,non_expert,149.88209274634212,0.5643835616438356,0.031578947368421054,0.23266787658802177,0.1425969202044835,0.15327497837094203,1.0748827352113839,0.7701457959914162,0.37797614188426426,2755,15,2190
N08.mp4,non_expert,134.27495190255118,0.397741530740276,0.11422845691382766,0.281563126252505,0.12254473693651559,0.12061819604274181,0.98427879658708,0.020288987036215678,0.5224919228897615,998,6,797
N09.mp4,non_expert,73.49904613160486,0.05133928571428571,0.034916201117318434,0.31843575418994413,0.08593305399443678,0.07441334235929523,0.8659454103034505,0.5589868122931456,0.5224247828799448,716,6,448
N10.mp4,non_expert,103.02686615731591,0.1422924901185771,0.050044682752457555,0.774798927613941,0.09981210878927083,0.11945872835739932,1.1968359133784903,0.2618466740344912,0.4072728694159657,1119,3,1012
N11.mp4,non_expert,129.72638205061574,0.36993699369936994,0.14635958395245172,0.6315007429420505,0.11956531435712976,0.09860931742868842,0.8247317352157401,0.47369088375159335,0.5219663040076753,1346,7,1111
N12.mp4,non_expert,73.90745866567762,0.02364394993045897,0.15354713313896987,0.2730806608357629,0.08320094171394019,0.07561391115495601,0.9088106517691075,0.2577171738903218,0.5676534259828251,1029,10,719
N13.mp4,non_expert,106.76159171048896,0.12751677852348994,0.1737891737891738,0.41025641025641024,0.11770734326990401,0.1453117063902259,1.2345168110018145,1.469161636574518,0.5385886611424491,351,2,298
N14.mp4,non_expert,110.71785838900708,0.18502202643171806,0.0626204238921002,0.48554913294797686,0.18059054593183552,0.22260332492810012,1.2326410081605954,0.12374606084908099,0.3813515886122228,1038,4,908
N15.mp4,non_expert,96.11020090855487,0.16393442622950818,0.16370808678500987,0.6272189349112426,0.09514634578644533,0.07290417819873085,0.7662319549301843,0.9720770231377813,0.33301557101147117,507,5,427
N16.mp4,non_expert,104.08954655238011,0.19875776397515527,0.1821247892074199,0.38954468802698144,0.11084589960158107,0.12790875757855444,1.1539330412669553,0.11461194284188524,0.39389143240029206,593,4,483
N18.mp4,non_expert,121.11215658691228,0.24225352112676057,0.014962593516209476,0.1596009975062344,0.1075261752728229,0.08352662504445846,0.7768026442352521,1.464468960228563,0.7364827722705449,401,3,355
N19.mp4,non_expert,146.54092182561584,0.4401114206128134,0.3752808988764045,0.5910112359550562,0.14598610351872263,0.1469584952623969,1.0066607824555147,0.06586107585649763,0.7442198919008601,445,2,359
N20.mp4,non_expert,128.35407857766634,0.23819742489270387,0.06188925081433225,0.3713355048859935,0.06790367539594296,0.05137437343819255,0.7565771009133184,0.13103841539932778,0.6597702008203276,614,6,466
N21.mp4,non_expert,120.90117659416902,0.23665893271461716,0.1415929203539823,0.26371681415929205,0.10720924226042314,0.12424593697353004,1.1589105823788688,0.8131970481606162,0.4805161678088606,565,5,431
N22.mp4,non_expert,123.43758908552569,0.3440366972477064,0.13761467889908258,0.42201834862385323,0.05883151515870859,0.0940342549859315,1.5983650726758696,0.008820304417940749,0.5114982717556994,327,6,218
N23.mp4,non_expert,133.63296305197858,0.4156804733727811,0.20310765815760268,0.08657047724750278,0.11511604280185189,0.09018517853248827,0.7834283432886907,0.0855119424330529,0.5891862403381606,901,8,676
N24.mp4,non_expert,104.09993630297829,0.1065989847715736,0.14583333333333334,0.41964285714285715,0.11711478877957607,0.11243207138844438,0.9600159207894373,0.01920312461707579,0.6165465862584476,336,1,197
N25.mp4,non_expert,124.5154875101298,0.3579474342928661,0.043343653250773995,0.6800825593395253,0.09421789978101144,0.048820885415029235,0.5181699055784884,0.14081943664225904,0.591179370528554,969,3,799
N26.mp4,non_expert,117.39818186778842,0.17249698431845598,0.0,0.06472491909385113,0.08839826233562982,0.08284075127478255,0.937130886000277,0.13330130754161879,0.2553827423972209,927,6,829
N27.mp4,non_expert,130.68575807977058,0.4781659388646288,0.22941176470588234,0.6843137254901961,0.04946574234875136,0.0696196616933867,1.4074315741231027,0.2995016384306237,0.10542029931957203,510,3,458
N28.mp4,non_expert,116.25388639906042,0.3064066852367688,0.1571969696969697,0.8087121212121212,0.09293720349576573,0.10998438879822,1.1834267960189162,0.0036368224296726144,0.5003659599934781,528,7,359
N29.mp4,non_expert,106.31508758851788,0.2642706131078224,0.08940397350993377,0.4503311258278146,0.08110106707721726,0.1147192123862969,1.4145214406594309,0.011465445831119492,0.42973153418688,604,5,473
N30.mp4,non_expert,146.58823952480014,0.5784883720930233,0.1696344892221181,0.3669165885660731,0.10827192345016023,0.09245238827293607,0.8538906189893966,0.015373325380093056,0.304714504949183,2134,10,1720
N31.mp4,non_expert,115.91807632346439,0.26420454545454547,0.3648068669527897,0.7081545064377682,0.08447452942284342,0.06766944825985649,0.8010632401454381,0.01625431189864102,0.6862866797127977,466,3,352
N32.mp4,non_expert,100.76669907382295,0.0,0.008350730688935281,0.6033402922755741,0.09801354210813612,0.09435559749273571,0.9626790934853104,0.20605361984296078,0.394363403947809,479,1,462
N33.mp4,non_expert,86.94804487006232,0.02412280701754386,0.13199426111908177,0.8809182209469153,0.12690478413214934,0.11153126561702721,0.8788577798005546,0.0033549688859684473,0.41804906930984936,697,8,456
N34.mp4,non_expert,113.66042472324212,0.16519174041297935,0.0009398496240601503,0.6287593984962406,0.0908130445451881,0.015024748731150058,0.16544701426900935,0.2502284131672286,0.1924142218645283,1064,1,1017
N35.mp4,non_expert,109.85877225349975,0.16757741347905283,0.15486725663716813,0.6283185840707964,0.0733861820961887,0.14124751564477794,1.9247151488612748,1.003290155932932,0.5231633956883887,678,2,549
N36.mp4,non_expert,122.5341419870546,0.22403846153846155,0.019867549668874173,0.29403973509933773,0.10837057411274777,0.10246053998055757,0.9454644986868259,0.022765786803326988,0.4953831975727366,1510,11,1040
N37.mp4,non_expert,119.69800882611972,0.1715686274509804,0.0,0.2495697074010327,0.07138329710205275,0.08155218809848297,1.142454607516185,0.047482092018317955,0.5909187726326849,581,6,408
N38.mp4,non_expert,106.50835483359218,0.10085054678007291,0.10982048574445617,0.3505807814149947,0.08789444683892954,0.053998832659379895,0.6143599335090623,0.21285456025651586,0.39741753804707336,947,4,823
N39.mp4,non_expert,88.32871028943698,0.06853932584269663,0.3060853769300636,0.5703905540417802,0.1320269671449873,0.09193328763161696,0.6963219913053006,0.007731936545122896,0.43789130021714684,2202,12,1780
N40.mp4,non_expert,119.03192619220333,0.19413919413919414,0.20810514786418402,0.45454545454545453,0.08210660484710548,0.054647768226932826,0.6655708352937819,0.7853948975293926,0.4603584385784472,1826,7,1638
N41.mp4,non_expert,104.34995797236047,0.14202334630350194,0.07451564828614009,0.6855439642324889,0.14402615897586185,0.09814777725799695,0.6814579458434813,0.007577992992313896,0.4997170545524357,671,6,514
N42.mp4,non_expert,100.3518728461315,0.10863757791629564,0.2368633791430881,0.7105901374292644,0.09576734341150463,0.10191324889900459,1.0641752671298281,0.059914969915642574,0.546839249490988,1237,6,1123
N43.mp4,non_expert,124.50682977119932,0.27610208816705334,0.2137704918032787,0.4937704918032787,0.09779703957764868,0.07539134816946941,0.7708959369946059,0.012777454266576352,0.27628747897907474,1525,7,1293
N44.mp4,non_expert,111.18662778032693,0.2326221610461115,0.3339181286549708,0.62046783625731,0.09295610515416061,0.04727294026010218,0.508551160746161,0.30377511535139257,0.46596056856168894,1710,9,1453
N45.mp4,non_expert,103.86705378053662,0.18719806763285024,0.41908325537885877,0.39476145930776424,0.0901369865131104,0.07602788059327811,0.843470312239879,0.729363754024995,0.18759241519139472,1069,6,828
N46.mp4,non_expert,105.988367876548,0.22298456260720412,0.10608020698576973,0.3169469598965071,0.1575889956827382,0.13457177877676957,0.8539414167489104,0.020449157645399483,0.5568996739832818,773,5,583
N47.mp4,non_expert,113.69469786374123,0.23945409429280398,0.029288702928870293,0.20606694560669456,0.05825562175677819,0.05810275702981401,0.9973757948827601,0.05216400103027595,0.2938809760945048,956,7,806
N48.mp4,non_expert,132.26995587383217,0.2815985130111524,0.12853863810252486,0.43993879112471307,0.10982955079907174,0.07781889287400032,0.7085423296590114,0.26579917948958576,0.4128011382642499,1307,7,1076
N49.mp4,non_expert,124.03705198762425,0.30463215258855586,0.12642045454545456,0.28172348484848486,0.10119553386405683,0.0725904537976534,0.7173285603876918,0.04974320124720286,0.23154568864895467,2112,11,1835
N50.mp4,non_expert,114.55472075118595,0.14427860696517414,0.0950354609929078,0.5531914893617021,0.08747611293185648,0.16091268616332483,1.839504092890298,1.2893003865030481,0.5830726354918143,705,4,603
N51.mp4,non_expert,89.95916102062108,0.0,0.23761118170266837,0.625158831003812,0.1292477668183672,0.10991398764345692,0.8504129846497849,0.024701109208090245,0.44495675062168605,787,7,560
N52.mp4,non_expert,116.8404266997912,0.22439024390243903,0.1900138696255201,0.5866851595006934,0.08243895754840808,0.08587124546322449,1.0416341690936508,0.10739010581254417,0.38489656884759416,721,3,615
N53.mp4,non_expert,153.14055867680128,0.7345575959933222,0.05905905905905906,0.27127127127127126,0.04544946414197578,0.13009630704344885,2.862438113960394,0.09962333416800895,0.48416783308959493,999,7,599
N54.mp4,non_expert,96.96584708620102,0.05,0.06279069767441861,0.4558139534883721,0.1289228806414013,0.20020849003686866,1.552932059162,0.02443951480697377,0.36093204018039554,430,2,280
N55.mp4,non_expert,83.17838721769314,0.1782178217821782,0.035955056179775284,0.32808988764044944,0.0926054963782649,0.09110482845603123,0.9837949385417335,0.6202007996783125,0.4728524951856797,445,2,303
N56.mp4,non_expert,114.44826625863632,0.23249299719887956,0.042322300596852956,0.3304395008138904,0.05674794809720967,0.0681448691007207,1.2008338517482522,0.11566609570276411,0.3729409903548066,1843,9,1428
N57.mp4,non_expert,109.5133865785323,0.15990730011587487,0.3361904761904762,0.4980952380952381,0.1506940688859379,0.12883616644900756,0.8549517499391941,0.06635052051226523,0.5083898240713425,1050,5,863
N58.mp4,non_expert,114.66047749320644,0.05242718446601942,0.01415929203539823,0.3805309734513274,0.12956827112629804,0.07481124387630922,0.5773885647474646,0.3960515790692803,0.721835996193688,565,2,515
N59.mp4,non_expert,112.30919875855514,0.17173913043478262,0.0,0.16584564860426929,0.06858690190288326,0.0665166407824994,0.9698153618096221,0.5906404783445894,0.4176097862680778,609,5,460
N60.mp4,non_expert,132.78955101055809,0.5766871165644172,0.174496644295302,0.6219239373601789,0.0485199674671764,0.05988080900561741,1.2341475023587258,0.31638160644489116,0.41696475540344013,447,4,326
N61.mp4,non_expert,98.99743850802916,0.11746680286006128,0.18430335097001763,0.6393298059964727,0.13135751639568932,0.11061771996600196,0.8421117769284672,0.08251723672611952,0.28365029274539655,1134,5,979
N62.mp4,non_expert,117.6374052419267,0.28888888888888886,0.16183574879227053,0.5990338164251208,0.14450719588104427,0.09461262565699148,0.6547260053929415,0.0368954410145388,0.22152761874831542,414,3,360
N63.mp4,non_expert,109.35319048040122,0.2127659574468085,0.23008849557522124,0.7876106194690266,0.13221470111790237,0.2957338424458283,2.2367695693265772,0.014347919807730597,0.41149223289981474,339,1,282
N64.mp4,non_expert,81.91333222711408,0.008695652173913044,0.017721518987341773,0.5468354430379747,0.06520203040870044,0.07524921152535718,1.154092894235808,0.14723196138808978,0.522819298851817,395,4,345
N65.mp4,non_expert,111.75960038621942,0.08717948717948718,0.0,0.4025641025641026,0.10865781504318657,0.10916196228708733,1.0046396772961395,0.002275178761722007,0.35638202669848223,390,195,195
N66.mp4,non_expert,112.27950814242666,0.024868123587038434,0.15514235909355026,0.5560720511330621,0.10802860291177341,0.13879722680958578,1.2848191147556527,0.03689546071905476,0.6604961469908643,1721,11,1327
N67.mp4,non_expert,105.77866412151883,0.05291005291005291,0.014725568942436412,0.678714859437751,0.13044277885549954,0.13903358277172562,1.0658587108693505,0.0063817767231034075,0.37260398378462606,747,8,567
N68.mp4,non_expert,123.14806977083994,0.2960829493087558,0.002938295788442703,0.6297747306562194,0.06567770822423143,0.053746679708604056,0.818339631183693,0.1397537716741026,0.6554715972289185,1021,3,868
N69.mp4,non_expert,93.31721433854875,0.12718204488778054,0.0,0.2188612099644128,0.10616924746490915,0.04690646003187149,0.4418083082795876,0.009571405205347678,0.31370879948417285,562,4,401
N70.mp4,non_expert,103.98855805517982,0.022222222222222223,0.09809264305177112,0.8392370572207084,0.06724348437489132,0.10512004516172686,1.5632745760603814,0.01370762467956806,0.6526779847505466,367,3,270
